Year,HKdistrict,DCdistrict,LandArea,MidyearPop,PopDensity
2015,Hong Kong Island,Central and Western,12.55,248.6,19820
2015,Hong Kong Island,Wan Chai,9.91,151.8,15320
2015,Hong Kong Island,Eastern,18.59,575.7,30970
2015,Hong Kong Island,Southern,38.84,275.2,7090
2015,Kowloon,Yau Tsim Mong,6.99,322.1,46060
2015,Kowloon,Sham Shui Po,9.36,395.1,42230
2015,Kowloon,Kowloon City,10.02,410.8,41010
2015,Kowloon,Wong Tai Sin,9.3,430,46230
2015,Kowloon,Kwun Tong,11.27,645.8,57290
2015,New Territories and Islands,Kwai Tsing,23.34,514.7,22060
2015,New Territories and Islands,Tsuen Wan,61.94,305.6,4930
2015,New Territories and Islands,Tuen Mun,82.89,504,6080
2015,New Territories and Islands,Yuen Long,138.48,612.9,4430
2015,New Territories and Islands,North,136.48,315.2,2310
2015,New Territories and Islands,Tai Po,136.11,308,2260
2015,New Territories and Islands,Sha Tin,68.71,663.8,9660
2015,Kowloon,Sai Kung,129.64,461.2,3560
2015,New Territories and Islands,Islands,176.41,149.5,850
2016,Hong Kong Island,Central and Western,12.55,243.3,19390
2016,Hong Kong Island,Wan Chai,10.51,180.1,17140
2016,Hong Kong Island,Eastern,17.99,555,30860
2016,Hong Kong Island,Southern,38.84,275,7080
2016,Kowloon,Yau Tsim Mong,6.99,343,49050
2016,Kowloon,Sham Shui Po,9.36,405.9,43380
2016,Kowloon,Kowloon City,10.02,418.7,41800
2016,Kowloon,Wong Tai Sin,9.3,425.2,45710
2016,Kowloon,Kwun Tong,11.27,648.5,57530
2016,New Territories and Islands,Kwai Tsing,23.34,520.6,22310
2016,New Territories and Islands,Tsuen Wan,61.94,318.9,5150
2016,New Territories and Islands,Tuen Mun,83.01,489.3,5890
2016,New Territories and Islands,Yuen Long,138.48,614.2,4440
2016,New Territories and Islands,North,136.48,315.3,2310
2016,New Territories and Islands,Tai Po,136.11,303.9,2230
2016,New Territories and Islands,Sha Tin,68.71,659.8,9600
2016,Kowloon,Sai Kung,129.64,461.9,3560
2016,New Territories and Islands,Islands,176.94,156.8,890
2017,Hong Kong Island,Central and Western,12.55,244.3,19470
2017,Hong Kong Island,Wan Chai,10.56,181.2,17170
2017,Hong Kong Island,Eastern,17.99,552.1,30700
2017,Hong Kong Island,Southern,38.84,270.9,6980
2017,Kowloon,Yau Tsim Mong,6.99,337.4,48240
2017,Kowloon,Sham Shui Po,9.36,407.2,43510
2017,Kowloon,Kowloon City,10.02,418.3,41760
2017,Kowloon,Wong Tai Sin,9.3,424.8,45660
2017,Kowloon,Kwun Tong,11.27,669.8,59420
2017,New Territories and Islands,Kwai Tsing,23.34,515.8,22100
2017,New Territories and Islands,Tsuen Wan,61.94,317.3,5120
2017,New Territories and Islands,Tuen Mun,83.01,488.6,5890
2017,New Territories and Islands,Yuen Long,138.48,629.9,4550
2017,New Territories and Islands,North,136.48,316.9,2320
2017,New Territories and Islands,Tai Po,136.11,306.5,2250
2017,New Territories and Islands,Sha Tin,68.71,681.6,9920
2017,Kowloon,Sai Kung,129.64,466.8,3600
2017,New Territories and Islands,Islands,176.97,162.6,920
2018,Hong Kong Island,Central and Western,12.55,245.2,19540
2018,Hong Kong Island,Wan Chai,10.56,181.9,17240
2018,Hong Kong Island,Eastern,17.99,552,30690
2018,Hong Kong Island,Southern,38.84,273.1,7030
2018,Kowloon,Yau Tsim Mong,6.99,335.3,47940
2018,Kowloon,Sham Shui Po,9.36,404.2,43190
2018,Kowloon,Kowloon City,10.02,421,42030
2018,Kowloon,Wong Tai Sin,9.3,423.8,45560
2018,Kowloon,Kwun Tong,11.27,683.6,60640
2018,New Territories and Islands,Kwai Tsing,23.34,515.2,22080
2018,New Territories and Islands,Tsuen Wan,61.94,314.7,5080
2018,New Territories and Islands,Tuen Mun,83.06,502.4,6050
2018,New Territories and Islands,Yuen Long,138.48,640.2,4620
2018,New Territories and Islands,North,136.48,318.5,2330
2018,New Territories and Islands,Tai Po,136.12,310.7,2280
2018,New Territories and Islands,Sha Tin,68.71,684.6,9960
2018,Kowloon,Sai Kung,129.64,472,3640
2018,New Territories and Islands,Islands,177.16,172.8,980
2019,Hong Kong Island,Central and Western,12.55,243.2,19390
2019,Hong Kong Island,Wan Chai,10.56,180.3,17080
2019,Hong Kong Island,Eastern,17.99,551.4,30660
2019,Hong Kong Island,Southern,38.84,271.7,7000
2019,Kowloon,Yau Tsim Mong,6.99,332.9,47600
2019,Kowloon,Sham Shui Po,9.36,423.8,45280
2019,Kowloon,Kowloon City,10.02,426.7,42590
2019,Kowloon,Wong Tai Sin,9.3,421,45260
2019,Kowloon,Kwun Tong,11.27,695.3,61680
2019,New Territories and Islands,Kwai Tsing,23.34,511.2,21900
2019,New Territories and Islands,Tsuen Wan,61.94,315.2,5090
2019,New Territories and Islands,Tuen Mun,83.16,502.6,6040
2019,New Territories and Islands,Yuen Long,138.48,649,4690
2019,New Territories and Islands,North,136.48,318,2330
2019,New Territories and Islands,Tai Po,136.12,309.8,2280
2019,New Territories and Islands,Sha Tin,68.71,691.4,10060
2019,Kowloon,Sai Kung,129.64,475.3,3670
2019,New Territories and Islands,Islands,177.22,188.1,1060
2020,Hong Kong Island,Central and Western,12.55,238.6,19020
2020,Hong Kong Island,Wan Chai,10.56,175,16580
2020,Hong Kong Island,Eastern,17.99,543.5,30210
2020,Hong Kong Island,Southern,38.84,267.8,6900
2020,Kowloon,Yau Tsim Mong,6.99,325.7,46580
2020,Kowloon,Sham Shui Po,9.36,440.5,47070
2020,Kowloon,Kowloon City,10.02,425.7,42500
2020,Kowloon,Wong Tai Sin,9.3,418.8,45020
2020,Kowloon,Kwun Tong,11.28,693.2,61480
2020,New Territories and Islands,Kwai Tsing,23.34,509,21810
2020,New Territories and Islands,Tsuen Wan,61.94,313.4,5060
2020,New Territories and Islands,Tuen Mun,84.84,502.9,5930
2020,New Territories and Islands,Yuen Long,138.48,645.1,4660
2020,New Territories and Islands,North,136.46,318.6,2330
2020,New Territories and Islands,Tai Po,136.12,311.1,2290
2020,New Territories and Islands,Sha Tin,68.71,688.9,10030
2020,Kowloon,Sai Kung,129.67,475.8,3670
2020,New Territories and Islands,Islands,178.89,186.3,1040
2021,Hong Kong Island,Central and Western,12.55,236,18810
2021,Hong Kong Island,Wan Chai,10.56,166.7,15790
2021,Hong Kong Island,Eastern,17.99,529.6,29440
2021,Hong Kong Island,Southern,38.84,263.3,6780
2021,Kowloon,Yau Tsim Mong,6.99,310.6,44460
2021,Kowloon,Sham Shui Po,9.36,431.1,46070
2021,Kowloon,Kowloon City,10.02,410.6,40990
2021,Kowloon,Wong Tai Sin,9.3,406.8,43730
2021,Kowloon,Kwun Tong,11.28,673.2,59700
2021,New Territories and Islands,Kwai Tsing,23.34,495.8,21250
2021,New Territories and Islands,Tsuen Wan,61.94,320.1,5170
2021,New Territories and Islands,Tuen Mun,85.79,506.9,5910
2021,New Territories and Islands,Yuen Long,138.48,668.1,4820
2021,New Territories and Islands,North,136.46,309.6,2270
2021,New Territories and Islands,Tai Po,136.13,316.5,2320
2021,New Territories and Islands,Sha Tin,68.71,692.8,10080
2021,Kowloon,Sai Kung,129.67,489,3770
2021,New Territories and Islands,Islands,181.51,185.3,1020
2022,Hong Kong Island,Central and Western,12.55,223.6,17820
2022,Hong Kong Island,Wan Chai,10.56,158.1,14970
2022,Hong Kong Island,Eastern,17.99,518.2,28810
2022,Hong Kong Island,Southern,38.84,257,6620
2022,Kowloon,Yau Tsim Mong,6.99,296.3,42400
2022,Kowloon,Sham Shui Po,9.36,432.5,46220
2022,Kowloon,Kowloon City,10.01,403.5,40310
2022,Kowloon,Wong Tai Sin,9.3,404.4,43480
2022,Kowloon,Kwun Tong,11.28,669,59340
2022,New Territories and Islands,Kwai Tsing,23.34,490.9,21040
2022,New Territories and Islands,Tsuen Wan,61.92,311.2,5020
2022,New Territories and Islands,Tuen Mun,85.79,508.8,5930
2022,New Territories and Islands,Yuen Long,138.48,658.2,4750
2022,New Territories and Islands,North,136.46,335.5,2460
2022,New Territories and Islands,Tai Po,136.13,313.9,2310
2022,New Territories and Islands,Sha Tin,68.71,688.6,10020
2022,Kowloon,Sai Kung,129.68,492.9,3800
2022,New Territories and Islands,Islands,182.12,182.3,1000
2023,Hong Kong Island,Central and Western,12.55,235.3,18760
2023,Hong Kong Island,Wan Chai,10.56,165,15630
2023,Hong Kong Island,Eastern,17.99,524.9,29180
2023,Hong Kong Island,Southern,38.84,263.4,6780
2023,Kowloon,Yau Tsim Mong,6.99,308.5,44150
2023,Kowloon,Sham Shui Po,9.36,441.6,47190
2023,Kowloon,Kowloon City,10.01,417.9,41740
2023,Kowloon,Wong Tai Sin,9.3,407.5,43810
2023,Kowloon,Kwun Tong,11.28,672,59600
2023,New Territories and Islands,Kwai Tsing,23.34,499,21380
2023,New Territories and Islands,Tsuen Wan,61.92,314.3,5070
2023,New Territories and Islands,Tuen Mun,85.85,540.5,6300
2023,New Territories and Islands,Yuen Long,138.48,675.7,4880
2023,New Territories and Islands,North,136.46,343.4,2520
2023,New Territories and Islands,Tai Po,136.13,317.5,2330
2023,New Territories and Islands,Sha Tin,68.72,705,10260
2023,Kowloon,Sai Kung,129.68,505.7,3900
2023,New Territories and Islands,Islands,182.28,198,1090
