Year,HKdistrict,DCdistrict,Avg_household_size,Med_income
2013,Hong Kong Island,Central and Western,2.7,33000
2013,Hong Kong Island,Wan Chai,2.7,33000
2013,Hong Kong Island,Eastern,2.9,26100
2013,Hong Kong Island,Southern,3.1,26900
2013,Kowloon,Yau Tsim Mong,2.7,21100
2013,Kowloon,Sham Shui Po,2.7,17700
2013,Kowloon,Kowloon City,2.9,25000
2013,Kowloon,Wong Tai Sin,2.9,19200
2013,Kowloon,Kwun Tong,2.8,17500
2013,New Territories and Islands,Kwai Tsing,2.9,19100
2013,New Territories and Islands,Tsuen Wan,2.9,26000
2013,New Territories and Islands,Tuen Mun,2.8,20000
2013,New Territories and Islands,Yuen Long,3,20000
2013,New Territories and Islands,North,3,21400
2013,New Territories and Islands,Tai Po,3.1,25000
2013,New Territories and Islands,Sha Tin,3,24700
2013,Kowloon,Sai Kung,3.1,29100
2013,New Territories and Islands,Islands,2.8,24400
2014,Hong Kong Island,Central and Western,2.7,35000
2014,Hong Kong Island,Wan Chai,2.6,34000
2014,Hong Kong Island,Eastern,2.9,27500
2014,Hong Kong Island,Southern,3.1,28000
2014,Kowloon,Yau Tsim Mong,2.6,23000
2014,Kowloon,Sham Shui Po,2.7,17500
2014,Kowloon,Kowloon City,2.8,23900
2014,Kowloon,Wong Tai Sin,2.9,20000
2014,Kowloon,Kwun Tong,2.8,18700
2014,New Territories and Islands,Kwai Tsing,2.9,19600
2014,New Territories and Islands,Tsuen Wan,2.9,26200
2014,New Territories and Islands,Tuen Mun,2.8,21000
2014,New Territories and Islands,Yuen Long,2.9,22000
2014,New Territories and Islands,North,3,22000
2014,New Territories and Islands,Tai Po,3.1,26500
2014,New Territories and Islands,Sha Tin,3,26000
2014,Kowloon,Sai Kung,3.1,30800
2014,New Territories and Islands,Islands,2.8,24800
2015,Hong Kong Island,Central and Western,2.6,34100
2015,Hong Kong Island,Wan Chai,2.6,40000
2015,Hong Kong Island,Eastern,2.9,28800
2015,Hong Kong Island,Southern,3,29000
2015,Kowloon,Yau Tsim Mong,2.6,24000
2015,Kowloon,Sham Shui Po,2.7,18500
2015,Kowloon,Kowloon City,2.8,23800
2015,Kowloon,Wong Tai Sin,2.9,21000
2015,Kowloon,Kwun Tong,2.8,19900
2015,New Territories and Islands,Kwai Tsing,2.9,20500
2015,New Territories and Islands,Tsuen Wan,2.9,27900
2015,New Territories and Islands,Tuen Mun,2.8,23000
2015,New Territories and Islands,Yuen Long,2.9,22800
2015,New Territories and Islands,North,3,24000
2015,New Territories and Islands,Tai Po,3,27600
2015,New Territories and Islands,Sha Tin,2.9,27400
2015,Kowloon,Sai Kung,3.1,33000
2015,New Territories and Islands,Islands,2.8,26000
2016,Hong Kong Island,Central and Western,2.7,39500
2016,Hong Kong Island,Wan Chai,2.7,40000
2016,Hong Kong Island,Eastern,2.9,31300
2016,Hong Kong Island,Southern,3,30700
2016,Kowloon,Yau Tsim Mong,2.6,25800
2016,Kowloon,Sham Shui Po,2.7,20600
2016,Kowloon,Kowloon City,2.8,26900
2016,Kowloon,Wong Tai Sin,2.9,22000
2016,Kowloon,Kwun Tong,2.8,20800
2016,New Territories and Islands,Kwai Tsing,2.9,21200
2016,New Territories and Islands,Tsuen Wan,2.8,29200
2016,New Territories and Islands,Tuen Mun,2.7,22500
2016,New Territories and Islands,Yuen Long,2.9,22800
2016,New Territories and Islands,North,2.9,21500
2016,New Territories and Islands,Tai Po,3,26200
2016,New Territories and Islands,Sha Tin,2.9,26800
2016,Kowloon,Sai Kung,3,31500
2016,New Territories and Islands,Islands,2.7,28900
2017,Hong Kong Island,Central and Western,2.7,41700
2017,Hong Kong Island,Wan Chai,2.6,40600
2017,Hong Kong Island,Eastern,2.9,32300
2017,Hong Kong Island,Southern,3,31900
2017,Kowloon,Yau Tsim Mong,2.6,28800
2017,Kowloon,Sham Shui Po,2.7,22000
2017,Kowloon,Kowloon City,2.8,27600
2017,Kowloon,Wong Tai Sin,2.8,22700
2017,Kowloon,Kwun Tong,2.8,21300
2017,New Territories and Islands,Kwai Tsing,2.9,23100
2017,New Territories and Islands,Tsuen Wan,2.8,29700
2017,New Territories and Islands,Tuen Mun,2.7,24000
2017,New Territories and Islands,Yuen Long,2.9,24500
2017,New Territories and Islands,North,2.9,23500
2017,New Territories and Islands,Tai Po,3,28300
2017,New Territories and Islands,Sha Tin,2.9,28000
2017,Kowloon,Sai Kung,3,33600
2017,New Territories and Islands,Islands,2.7,30000
2018,Hong Kong Island,Central and Western,2.6,41800
2018,Hong Kong Island,Wan Chai,2.6,42500
2018,Hong Kong Island,Eastern,2.9,33300
2018,Hong Kong Island,Southern,3,34800
2018,Kowloon,Yau Tsim Mong,2.6,28000
2018,Kowloon,Sham Shui Po,2.7,23500
2018,Kowloon,Kowloon City,2.8,30000
2018,Kowloon,Wong Tai Sin,2.8,24300
2018,Kowloon,Kwun Tong,2.8,22200
2018,New Territories and Islands,Kwai Tsing,2.9,25000
2018,New Territories and Islands,Tsuen Wan,2.8,31500
2018,New Territories and Islands,Tuen Mun,2.7,25000
2018,New Territories and Islands,Yuen Long,2.9,26200
2018,New Territories and Islands,North,2.9,25000
2018,New Territories and Islands,Tai Po,3,31000
2018,New Territories and Islands,Sha Tin,2.9,29900
2018,Kowloon,Sai Kung,3,36200
2018,New Territories and Islands,Islands,2.6,31500
2019,Hong Kong Island,Central and Western,2.6,42000
2019,Hong Kong Island,Wan Chai,2.5,44500
2019,Hong Kong Island,Eastern,2.8,34900
2019,Hong Kong Island,Southern,3,33200
2019,Kowloon,Yau Tsim Mong,2.5,30000
2019,Kowloon,Sham Shui Po,2.7,25000
2019,Kowloon,Kowloon City,2.8,30400
2019,Kowloon,Wong Tai Sin,2.8,26000
2019,Kowloon,Kwun Tong,2.8,23000
2019,New Territories and Islands,Kwai Tsing,2.9,25000
2019,New Territories and Islands,Tsuen Wan,2.8,33000
2019,New Territories and Islands,Tuen Mun,2.7,25000
2019,New Territories and Islands,Yuen Long,2.8,27300
2019,New Territories and Islands,North,2.9,26000
2019,New Territories and Islands,Tai Po,2.9,30700
2019,New Territories and Islands,Sha Tin,2.9,30000
2019,Kowloon,Sai Kung,3,37000
2019,New Territories and Islands,Islands,2.6,28700
2020,Hong Kong Island,Central and Western,2.5,41200
2020,Hong Kong Island,Wan Chai,2.5,40000
2020,Hong Kong Island,Eastern,2.8,32200
2020,Hong Kong Island,Southern,3,32100
2020,Kowloon,Yau Tsim Mong,2.5,28000
2020,Kowloon,Sham Shui Po,2.7,23500
2020,Kowloon,Kowloon City,2.8,30000
2020,Kowloon,Wong Tai Sin,2.8,24300
2020,Kowloon,Kwun Tong,2.8,22000
2020,New Territories and Islands,Kwai Tsing,2.9,24300
2020,New Territories and Islands,Tsuen Wan,2.8,30000
2020,New Territories and Islands,Tuen Mun,2.7,24700
2020,New Territories and Islands,Yuen Long,2.8,25000
2020,New Territories and Islands,North,2.8,25000
2020,New Territories and Islands,Tai Po,2.9,29500
2020,New Territories and Islands,Sha Tin,2.8,28400
2020,Kowloon,Sai Kung,3,35600
2020,New Territories and Islands,Islands,2.6,26100
2021,Hong Kong Island,Central and Western,2.6,42000
2021,Hong Kong Island,Wan Chai,2.6,40400
2021,Hong Kong Island,Eastern,2.8,31500
2021,Hong Kong Island,Southern,2.9,33000
2021,Kowloon,Yau Tsim Mong,2.5,27900
2021,Kowloon,Sham Shui Po,2.6,22000
2021,Kowloon,Kowloon City,2.7,29700
2021,Kowloon,Wong Tai Sin,2.7,23300
2021,Kowloon,Kwun Tong,2.7,22200
2021,New Territories and Islands,Kwai Tsing,2.7,23300
2021,New Territories and Islands,Tsuen Wan,2.8,31800
2021,New Territories and Islands,Tuen Mun,2.6,25400
2021,New Territories and Islands,Yuen Long,2.8,27000
2021,New Territories and Islands,North,2.7,23300
2021,New Territories and Islands,Tai Po,2.8,30000
2021,New Territories and Islands,Sha Tin,2.8,27100
2021,Kowloon,Sai Kung,2.9,37200
2021,New Territories and Islands,Islands,2.7,28800
2022,Hong Kong Island,Central and Western,2.6,42300
2022,Hong Kong Island,Wan Chai,2.6,41800
2022,Hong Kong Island,Eastern,2.7,31500
2022,Hong Kong Island,Southern,2.9,34200
2022,Kowloon,Yau Tsim Mong,2.4,29000
2022,Kowloon,Sham Shui Po,2.5,22800
2022,Kowloon,Kowloon City,2.7,30000
2022,Kowloon,Wong Tai Sin,2.7,24400
2022,Kowloon,Kwun Tong,2.6,22100
2022,New Territories and Islands,Kwai Tsing,2.7,24300
2022,New Territories and Islands,Tsuen Wan,2.7,32300
2022,New Territories and Islands,Tuen Mun,2.6,25800
2022,New Territories and Islands,Yuen Long,2.8,28900
2022,New Territories and Islands,North,2.7,24400
2022,New Territories and Islands,Tai Po,2.8,30200
2022,New Territories and Islands,Sha Tin,2.7,29700
2022,Kowloon,Sai Kung,2.8,40000
2022,New Territories and Islands,Islands,2.7,29400
2023,Hong Kong Island,Central and Western,2.6,42600
2023,Hong Kong Island,Wan Chai,2.5,40500
2023,Hong Kong Island,Eastern,2.7,33800
2023,Hong Kong Island,Southern,2.9,36000
2023,Kowloon,Yau Tsim Mong,2.4,30700
2023,Kowloon,Sham Shui Po,2.5,24100
2023,Kowloon,Kowloon City,2.7,30700
2023,Kowloon,Wong Tai Sin,2.7,25100
2023,Kowloon,Kwun Tong,2.6,24000
2023,New Territories and Islands,Kwai Tsing,2.7,26000
2023,New Territories and Islands,Tsuen Wan,2.7,34400
2023,New Territories and Islands,Tuen Mun,2.6,26500
2023,New Territories and Islands,Yuen Long,2.8,30100
2023,New Territories and Islands,North,2.7,25500
2023,New Territories and Islands,Tai Po,2.8,31700
2023,New Territories and Islands,Sha Tin,2.8,30500
2023,Kowloon,Sai Kung,2.9,40400
2023,New Territories and Islands,Islands,2.7,31500
